File Name,Drive Link,Code,Original Item Description,original price Rs. (A),35%Margin price Rs,Roud Off (B),(Our Price Rs (A +B),Modified Item Description,Extracted Codes (OCR)
IMG-20260310-WA0002.jpg,,,*New Micro Gold  Mangalsutra Combo set* Length- 34Inch Price -540rs FREE SHIPPING ALL OVER INDIA😊,540.0,189.0,189,729,*New Micro Gold  Mangalsutra Combo set* Length- 34Inch Price -729rs FREE SHIPPING ALL OVER INDIA😊,"Code-1110, SAC, M1O4B, N2ZON, 7810044, 8919534, No.3800, 5 A, L34 inch"
VID-20260319-WA0044.mp4,,,**1 GM FORMING MAHARAJ KADA* ( Half Kada Adjustable ) Price - 470 rs Each *FREE SHIPPING ALL OVER INDIA😊*,470.0,164.5,164,634,**1 GM FORMING MAHARAJ KADA* ( Half Kada Adjustable ) Price - 634 rs Each *FREE SHIPPING ALL OVER INDIA😊*,"Code-827, A'C, M9OB, N235N, 8325067, No.9600, 1GM Forming"
IMG-20260310-WA0005.jpg,,,*1 GM FORMING श्री स्वामी समर्थ CHAIN* Length- 24Inch Price -450rs FREE SHIPPING ALL OVER INDIA😊,450.0,157.5,158,608,*1 GM FORMING श्री स्वामी समर्थ CHAIN* Length- 24Inch Price -608rs FREE SHIPPING ALL OVER INDIA😊,"Code-1161, M86B, N22SN, 8920056, No.6700, CHAIN, L-24 Inch, 7Fef"
IMG-20260310-WA0006.jpg,,,*GOLD PLATED DAILY WEAR WATERPROOF CHAIN* Length - 22 INCH Price - 250 rs *FREE SHIPPING ALL OVER INDIA😊*,250.0,87.5,88,338,*GOLD PLATED DAILY WEAR WATERPROOF CHAIN* Length - 22 INCH Price - 338 rs *FREE SHIPPING ALL OVER INDIA😊*,"Code-1112, M46A:, N125N, 7810034, No.8399, L-22inch"
IMG-20260310-WA0007.jpg,,,*_1 GM Gold plated Gautam Buddh chain _* L-24 inch Price - 360 Rs Free shipping All over India,360.0,126.0,126,486,*_1 GM Gold plated Gautam Buddh chain _* L-24 inch Price - 486 Rs Free shipping All over India,"SAT, M68B, N18ON, 9816034, No.3650, L-24 Inch"
IMG-20260310-WA0004.jpg,,,*Premium Quality Micro Gold Shree Swami Samarth Chain* Length- 24Inch *Price -250rs FREE SHIPPING ALL OVER INDIA😊,250.0,87.5,88,338,*Premium Quality Micro Gold Shree Swami Samarth Chain* Length- 24Inch *Price -338rs FREE SHIPPING ALL OVER INDIA😊,"M46B, NIZSN, No.5350, L-24inch, Sac"
VID-20260310-WA0003.mp4,,,*1 GM Forming 18k Gold Plated Chain* *Length-22 inch                                           *Price - 650 rs                                               ⭐️ FREE SHIPPING ALL OVER INDIA ⭐️,650.0,227.5,227,877,*1 GM Forming 18k Gold Plated Chain* *Length-22 inch                                           *Price - 877 rs                                               ⭐️ FREE SHIPPING ALL OVER INDIA ⭐️,"Code-1138, A'C, M124C, N325N, 9340062, No.71400, SAC, L-22 inch, 1GM"
IMG-20260311-WA0000.jpg,,,*HANDMADE PARIJAATAK COMBO SET* LENGTH - 28 Inch Price -  1000 rs FREE SHIPPING ALL OVER INDIA😊,1000.0,350.0,350,1350,*HANDMADE PARIJAATAK COMBO SET* LENGTH - 28 Inch Price -  1350 rs FREE SHIPPING ALL OVER INDIA😊,"Code-1204, SA"", L-28 Inch, M194C, NSOON, 8965024, No.81200, Eae)"
IMG-20260311-WA0001.jpg,,,*HANDMADE PARIJAATAK COMBO SET* LENGTH - 28 Inch Price -  1000 rs FREE SHIPPING ALL OVER INDIA😊,1000.0,350.0,350,1350,*HANDMADE PARIJAATAK COMBO SET* LENGTH - 28 Inch Price -  1350 rs FREE SHIPPING ALL OVER INDIA😊,"Code-1205, SAC, M194C, NSOON, 4265077, L-28 Inch, No.91200"
VID-20260315-WA0014.mp4,,,*New Micro Gold  Mangalsutra* Length- 36 Inch Price -690rs FREE SHIPPING ALL OVER INDIA😊,690.0,241.5,241,931,*New Micro Gold  Mangalsutra* Length- 36 Inch Price -931rs FREE SHIPPING ALL OVER INDIA😊,"Code-1207, SAC, M134B, NJASN, 9738056, No.9850, L-36 Inch"
VID-20260313-WA0048.mp4,,,*New Micro Gold  Mangalsutra* Length- 36 Inch Price -690rs FREE SHIPPING ALL OVER INDIA😊,690.0,241.5,241,931,*New Micro Gold  Mangalsutra* Length- 36 Inch Price -931rs FREE SHIPPING ALL OVER INDIA😊,"Code-1207, M134B, N345N, 9738056, No.9850, SAI, L-36 Inch"
IMG-20260313-WA0043.jpg,,,VICTORIAN MANGALSUTRA SET L-42 Inch Price - 750rs *FREE SHIPPING ALL OVER INDIA*,750.0,262.5,262,1012,VICTORIAN MANGALSUTRA SET L-42 Inch Price - 1012rs *FREE SHIPPING ALL OVER INDIA*,"Code-1208, SAC, M146B, N375N, 2348056, 2950, L42inch, No:"
IMG-20260313-WA0046.jpg,,,VICTORIAN MANGALSUTRA SET L-42 Inch Price - 750rs *FREE SHIPPING ALL OVER INDIA*,750.0,262.5,262,1012,VICTORIAN MANGALSUTRA SET L-42 Inch Price - 1012rs *FREE SHIPPING ALL OVER INDIA*,"Code-1209, SAC, M146B, N375N, 2348056, No. 2950, L42 inch"
IMG-20260313-WA0044.jpg,,,VICTORIAN MANGALSUTRA SET L-42 Inch Price - 750rs *FREE SHIPPING ALL OVER INDIA*,750.0,262.5,262,1012,VICTORIAN MANGALSUTRA SET L-42 Inch Price - 1012rs *FREE SHIPPING ALL OVER INDIA*,"Code-1210, SAC, M146B, N375N, 2348056, No. 2950, L42 inch"
IMG-20260313-WA0040.jpg,,,VICTORIAN MANGALSUTRA SET L-42 Inch Price - 750rs *FREE SHIPPING ALL OVER INDIA*,750.0,262.5,262,1012,VICTORIAN MANGALSUTRA SET L-42 Inch Price - 1012rs *FREE SHIPPING ALL OVER INDIA*,"Code-1211, SAC, M146B, N375N, 2348056, No.2950, L42inch"
IMG-20260313-WA0047.jpg,,,*VICTORIAN MANGALSUTRA SET* LENGTH - 40 Inch Price - 800rs *FREE SHIPPING ALL OVER INDIA*,800.0,280.0,280,1080,*VICTORIAN MANGALSUTRA SET* LENGTH - 40 Inch Price - 1080rs *FREE SHIPPING ALL OVER INDIA*,"Code-1212, SAC, M1S6B, N4OON, 2355045, No 9950, L40 Inch, 5 A"
IMG-20260313-WA0045.jpg,,,*VICTORIAN MANGALSUTRA SET* LENGTH - 40 Inch Price - 800rs *FREE SHIPPING ALL OVER INDIA*,800.0,280.0,280,1080,*VICTORIAN MANGALSUTRA SET* LENGTH - 40 Inch Price - 1080rs *FREE SHIPPING ALL OVER INDIA*,"Code-1213, SAC, M156B, N4OON, 2355045, No. 9950, L40 Inch"
IMG-20260313-WA0039.jpg,,,*VICTORIAN MANGALSUTRA SET* LENGTH - 40 Inch Price - 800rs *FREE SHIPPING ALL OVER INDIA*,800.0,280.0,280,1080,*VICTORIAN MANGALSUTRA SET* LENGTH - 40 Inch Price - 1080rs *FREE SHIPPING ALL OVER INDIA*,"Code-1214, SAC, M1S6B, N4OON, 2355045, No. 9950, L40 Inch, 8 A"
IMG-20260313-WA0042.jpg,,,*VICTORIAN MANGALSUTRA SET* LENGTH - 40 Inch Price - 800rs *FREE SHIPPING ALL OVER INDIA*,800.0,280.0,280,1080,*VICTORIAN MANGALSUTRA SET* LENGTH - 40 Inch Price - 1080rs *FREE SHIPPING ALL OVER INDIA*,"Code-1215, SAC, M156B, N4OON, 2355045, No. 9950, L40 Inch, Long"
IMG-20260313-WA0041.jpg,,,*VICTORIAN MANGALSUTRA SET* LENGTH - 40 Inch Price - 800rs *FREE SHIPPING ALL OVER INDIA*,800.0,280.0,280,1080,*VICTORIAN MANGALSUTRA SET* LENGTH - 40 Inch Price - 1080rs *FREE SHIPPING ALL OVER INDIA*,"SAC, Code-1216, M1S6B, N4OON, 2355045, No. 9950, L40 Inch, Long"
IMG-20260313-WA0038.jpg,,,*VICTORIAN MANGALSUTRA SET* LENGTH - 40 Inch Price - 800rs *FREE SHIPPING ALL OVER INDIA*,800.0,280.0,280,1080,*VICTORIAN MANGALSUTRA SET* LENGTH - 40 Inch Price - 1080rs *FREE SHIPPING ALL OVER INDIA*,"Code-1217, SAC, M1S6B, N4OON, 2355045, No. 9950, L40 Inch"
IMG-20260313-WA0037.jpg,,,*Micro Gold Mangalsutra Set* Length- 38Inch Price -420rs FREE SHIPPING ALL OVER INDIA😊,420.0,147.0,147,567,*Micro Gold Mangalsutra Set* Length- 38Inch Price -567rs FREE SHIPPING ALL OVER INDIA😊,"Code-1160, SAC, M8OB, N21ON, 7821056, No.8550, L38 inch"
IMG-20260313-WA0036.jpg,,,*Micro Gold Mangalsutra Set* Length- 38Inch Price -570rs FREE SHIPPING ALL OVER INDIA😊,570.0,199.5,200,770,*Micro Gold Mangalsutra Set* Length- 38Inch Price -770rs FREE SHIPPING ALL OVER INDIA😊,"MIIOB, Code-1158, N285N, SAC, 8932567, No.7800, Gwi, L38 inch"
IMG-20260313-WA0006.jpg,,,*Micro Gold Mangalsutra Set* Length- 38Inch Price -490rs FREE SHIPPING ALL OVER INDIA😊,490.0,171.5,172,662,*Micro Gold Mangalsutra Set* Length- 38Inch Price -662rs FREE SHIPPING ALL OVER INDIA😊,"Code-1157, SAC, M9SA, N24SN, 7829056, No.5699, 6 A C, L36 inch"
IMG-20260313-WA0035.jpg,,,*Micro Gold Mangalsutra Set* Length- 38Inch Price -450rs FREE SHIPPING ALL OVER INDIA😊,450.0,157.5,158,608,*Micro Gold Mangalsutra Set* Length- 38Inch Price -608rs FREE SHIPPING ALL OVER INDIA😊,"Code-1155, M87A., N225N, 7825077, No.8650, L38 inch"
IMG-20260313-WA0032.jpg,,,*Micro Gold Mangalsutra Set* Length- 36Inch Price -550rs FREE SHIPPING ALL OVER INDIA😊,550.0,192.5,192,742,*Micro Gold Mangalsutra Set* Length- 36Inch Price -742rs FREE SHIPPING ALL OVER INDIA😊,"Code-1154, SAC, M1O6B, N27SN, 8831056, No.9750, L38 inch"
IMG-20260313-WA0033.jpg,,,*Micro Gold Mangalsutra Set* Length- 36Inch Price -480rs FREE SHIPPING ALL OVER INDIA😊,480.0,168.0,168,648,*Micro Gold Mangalsutra Set* Length- 36Inch Price -648rs FREE SHIPPING ALL OVER INDIA😊,"Code-1153, SAC, M93A, N240N, 6728044, No.8670, L36 inch"
VID-20260317-WA0035.mp4,,,*1 GM FORMING MANGALSUTRA* Length- 38 inch Price - 1800 rs Free shipping All over India,1800.0,630.0,630,2430,*1 GM FORMING MANGALSUTRA* Length- 38 inch Price - 2430 rs Free shipping All over India,"Code-1218, SAC, M350E, NIOON, 78125078, No.73800, SAG, L-38 Inch"
VID-20260313-WA0049.mp4,,,*1 GM FORMING MANGALSUTRA* Length- 38 inch Price - 1800 rs Free shipping All over India,1800.0,630.0,630,2430,*1 GM FORMING MANGALSUTRA* Length- 38 inch Price - 2430 rs Free shipping All over India,"Code-1218, M350E, N9OON, 78125078, No.73800, SAC, L-38 Inch"
VID-20260317-WA0036.mp4,,,*1 GM FORMING MANGALSUTRA* Length- 38 inch Price - 2200 rs Free shipping All over India,2200.0,770.0,770,2970,*1 GM FORMING MANGALSUTRA* Length- 38 inch Price - 2970 rs Free shipping All over India,"Code-1219, SAC, M430E, NIIOON, 89165023, No.85000, L-38 Inch"
VID-20260318-WA0008.mp4,,,*1 GM FORMING MANGALSUTRA* Length- 38 inch Price - 2200 rs Free shipping All over India,2200.0,770.0,770,2970,*1 GM FORMING MANGALSUTRA* Length- 38 inch Price - 2970 rs Free shipping All over India,"Code-1220, SAC, M430E, NIIOON, 89165023, No.85000, L-38 Inch"
VID-20260313-WA0034.mp4,,,*1 GM FORMING MANGALSUTRA* Length- 38 inch Price - 2200 rs Free shipping All over India,2200.0,770.0,770,2970,*1 GM FORMING MANGALSUTRA* Length- 38 inch Price - 2970 rs Free shipping All over India,"Code-1220, M430E, NTIOON, 89165023, No.85000, L-38 Inch"
VID-20260318-WA0007.mp4,,,*1 GM Forming Short  Mangalsutra* Length -18   Inch Price - 700 RS Free shipping all over India ☺️,700.0,245.0,245,945,*1 GM Forming Short  Mangalsutra* Length -18   Inch Price - 945 RS Free shipping all over India ☺️,"Code-1221, SAC, M136B, N35ON, 8942055, No.81500, 18 Inch"
IMG-20260313-WA0031.jpg,,,*1 GM FORMING MANGALSUTRA* Length- 38 Inch Price - 1700 rs FREE SHIPPING ALL OVER INDIA😊,1700.0,595.0,595,2295,*1 GM FORMING MANGALSUTRA* Length- 38 Inch Price - 2295 rs FREE SHIPPING ALL OVER INDIA😊,"Code-1256, M334C, N8SON, 34120056, NO. 93200, L38 inch"
IMG-20260313-WA0030.jpg,,,*1 GM FORMING MANGALSUTRA* Length- 38 Inch Price - 1900 rs FREE SHIPPING ALL OVER INDIA😊,1900.0,665.0,665,2565,*1 GM FORMING MANGALSUTRA* Length- 38 Inch Price - 2565 rs FREE SHIPPING ALL OVER INDIA😊,"Code-1267, SAC, M374C, N9SON, 34140056, NO 93500, L38 inch"
IMG-20260313-WA0029.jpg,,,*1 GM FORMING RAANI HAAR* Length- 28 Inch Price - 850 rs FREE SHIPPING ALL OVER INDIA😊,850.0,297.5,298,1148,*1 GM FORMING RAANI HAAR* Length- 28 Inch Price - 1148 rs FREE SHIPPING ALL OVER INDIA😊,"SAC, M166B, N42SN, 3250010, No.91500, 5 A, L 28 inch"
IMG-20260313-WA0028.jpg,,,*1 GM FORMING MANGALSUTRA* Length- 38 Inch Price - 1900 rs FREE SHIPPING ALL OVER INDIA😊,1900.0,665.0,665,2565,*1 GM FORMING MANGALSUTRA* Length- 38 Inch Price - 2565 rs FREE SHIPPING ALL OVER INDIA😊,"Code-1268, SAC, M374C, NOSON, 34140056, NO. 93500, 8 A C, L38 Inch"
IMG-20260313-WA0027.jpg,,,*1 GM FORMING MANGALSUTRA* Length- 38 Inch Price - 1700 rs FREE SHIPPING ALL OVER INDIA😊,1700.0,595.0,595,2295,*1 GM FORMING MANGALSUTRA* Length- 38 Inch Price - 2295 rs FREE SHIPPING ALL OVER INDIA😊,"Code-1270, SAC, M334C, N8SON, 34120056, NO. 93200, 5 A, L38 inch"
IMG-20260313-WA0026.jpg,,,*1 GM FORMING MANGALSUTRA* Length- 38 Inch Price - 1700 rs FREE SHIPPING ALL OVER INDIA😊,1700.0,595.0,595,2295,*1 GM FORMING MANGALSUTRA* Length- 38 Inch Price - 2295 rs FREE SHIPPING ALL OVER INDIA😊,"Code-1271, SAC, M334C, N8SON, 34120056, NO. 93200, 5 A C, L38 inch"
IMG-20260313-WA0025.jpg,,,*1 GM FORMING MANGALSUTRA* Length- 38 Inch Price - 1700 rs FREE SHIPPING ALL OVER INDIA😊,1700.0,595.0,595,2295,*1 GM FORMING MANGALSUTRA* Length- 38 Inch Price - 2295 rs FREE SHIPPING ALL OVER INDIA😊,"Code-1272, SAC, M334C, N8SON, 34120056, NO 93200, 6 A, L38 inch"
IMG-20260313-WA0024.jpg,,,*1 GM FORMING MANGALSUTRA* Length- 38 Inch Price - 1700 rs FREE SHIPPING ALL OVER INDIA😊,1700.0,595.0,595,2295,*1 GM FORMING MANGALSUTRA* Length- 38 Inch Price - 2295 rs FREE SHIPPING ALL OVER INDIA😊,"Code-1274, SAC, M334C, N8SON, 34120056, No 93200, 5 A C, L38 inch"
IMG-20260313-WA0023.jpg,,,*1 GM FORMING MANGALSUTRA* Length- 38 Inch Price - 1700 rs FREE SHIPPING ALL OVER INDIA😊,1700.0,595.0,595,2295,*1 GM FORMING MANGALSUTRA* Length- 38 Inch Price - 2295 rs FREE SHIPPING ALL OVER INDIA😊,"Code-1274, SAC, M334C, N8SON, 34120056, No. 93200, L38 inch"
VID-20260313-WA0022.mp4,,,*1 GM FORMING MANGALSUTRA* Length- 38 Inch Price - 1550 rs FREE SHIPPING ALL OVER INDIA😊,1550.0,542.5,542,2092,*1 GM FORMING MANGALSUTRA* Length- 38 Inch Price - 2092 rs FREE SHIPPING ALL OVER INDIA😊,"JEWELLERY, M3OOD, NTZ5N, 78105089, No.83500, (-38 Inch"
VID-20260313-WA0021.mp4,,,*1 GM FORMING MANGALSUTRA* Length- 38 Inch Price - 1550 rs FREE SHIPPING ALL OVER INDIA😊,1550.0,542.5,542,2092,*1 GM FORMING MANGALSUTRA* Length- 38 Inch Price - 2092 rs FREE SHIPPING ALL OVER INDIA😊,"SAr, JEWELLERY, MZOOD, NTZSN, 78105067, No.53500, 1-38 Inch"
VID-20260313-WA0020.mp4,,,*1 GM FORMING MANGALSUTRA* Length- 38 Inch Price - 1550 rs FREE SHIPPING ALL OVER INDIA😊,1550.0,542.5,542,2092,*1 GM FORMING MANGALSUTRA* Length- 38 Inch Price - 2092 rs FREE SHIPPING ALL OVER INDIA😊,"JEWELLERY, MBOOD, NZ75N, 79105066, No.63500, L-38 Inch"
VID-20260312-WA0004.mp4,,,*1 GM FORMING MANGALSUTRA* Length- 38Inch Price - 1700 rs FREE SHIPPING ALL OVER INDIA😊,1700.0,595.0,595,2295,*1 GM FORMING MANGALSUTRA* Length- 38Inch Price - 2295 rs FREE SHIPPING ALL OVER INDIA😊,"Code-754, SAC, M330E, NB5ON, 78120046, No.93500, L-38 Inch"
IMG-20260313-WA0019.jpg,,,*New Micro Gold  Mangalsutra with Extra Locket* Length- 38 Inch Price -490rs FREE SHIPPING ALL OVER INDIA😊,490.0,171.5,172,662,*New Micro Gold  Mangalsutra with Extra Locket* Length- 38 Inch Price -662rs FREE SHIPPING ALL OVER INDIA😊,"Code-1156, SAC, M94B, N24SN, 8921045, No.9700, L-38 inch"
IMG-20260313-WA0018.jpg,,,*New Micro Gold  Mangalsutra* Length- 38 Inch Price -360rs FREE SHIPPING ALL OVER INDIA😊,360.0,126.0,126,486,*New Micro Gold  Mangalsutra* Length- 38 Inch Price -486rs FREE SHIPPING ALL OVER INDIA😊,"Code-1131, SAC, T69A., N1SON, 8618063, No.8550, L-38 inch"
IMG-20260313-WA0017.jpg,,,*New Micro Gold  Mangalsutra* Length- 38 Inch Price -350rs FREE SHIPPING ALL OVER INDIA😊,350.0,122.5,122,472,*New Micro Gold  Mangalsutra* Length- 38 Inch Price -472rs FREE SHIPPING ALL OVER INDIA😊,"Code-1202, M67B, N175N, 7815034, No.8500, SA@, L-38 Inch"
IMG-20260313-WA0016.jpg,,,*New Micro Gold  Mangalsutra* Length- 38 Inch Price -350rs FREE SHIPPING ALL OVER INDIA😊,350.0,122.5,122,472,*New Micro Gold  Mangalsutra* Length- 38 Inch Price -472rs FREE SHIPPING ALL OVER INDIA😊,"Code-1203, M67B, N175N, 7915023, No.8500, L-38 Inch"
IMG-20260313-WA0015.jpg,,,*New Micro Gold  Mangalsutra* Length- 36 Inch Price -350rs FREE SHIPPING ALL OVER INDIA😊,350.0,122.5,122,472,*New Micro Gold  Mangalsutra* Length- 36 Inch Price -472rs FREE SHIPPING ALL OVER INDIA😊,"Code-1204, M65A, N1ZON, 7615034, No.9499, L-36 Inch, 77o"
IMG-20260313-WA0014.jpg,,,*Micro Gold Thushi Combo* Price -370 Rs FREE SHIPPING ALL OVER INDIA😍,370.0,129.5,130,500,*Micro Gold Thushi Combo* Price -500 Rs FREE SHIPPING ALL OVER INDIA😍,"MZOB, Code-781, N18SN, 6712067, 657034, No.8550"
IMG-20260313-WA0013.jpg,,,*Premium Quantity Thushi Necklace Combo Set* Price -380 Rs FREE SHIPPING ALL OVER INDIA😍,380.0,133.0,133,513,*Premium Quantity Thushi Necklace Combo Set* Price -513 Rs FREE SHIPPING ALL OVER INDIA😍,"Code-1221, M72B, N19ON, SAC, 7621045, No.7499, grf"
IMG-20260313-WA0012.jpg,,,*New Micro Gold  Mangalsutra* Length- 38Inch Price -420rs FREE SHIPPING ALL OVER INDIA😊,420.0,147.0,147,567,*New Micro Gold  Mangalsutra* Length- 38Inch Price -567rs FREE SHIPPING ALL OVER INDIA😊,"Code-1266, SAC, MBOB, N21ON, 7822045, No.9550, L38"
IMG-20260313-WA0011.jpg,,,*New Micro Gold  Mangalsutra* Length- 38Inch Price -430rs FREE SHIPPING ALL OVER INDIA😊,430.0,150.5,150,580,*New Micro Gold  Mangalsutra* Length- 38Inch Price -580rs FREE SHIPPING ALL OVER INDIA😊,"Code-1267, SAC, M82B, N2ISN, 7823067, No.7600, SA 6, L38"
IMG-20260313-WA0010.jpg,,,*New Micro Gold  Mangalsutra* Length- 38Inch Price -420rs FREE SHIPPING ALL OVER INDIA😊,420.0,147.0,147,567,*New Micro Gold  Mangalsutra* Length- 38Inch Price -567rs FREE SHIPPING ALL OVER INDIA😊,"Code-1268, SAC, MBOB, N21ON, 7822045, No.8550, 6 A C, L38"
IMG-20260313-WA0009.jpg,,,✨1 GM FORMING Lotus NECKLACE ✨ Price -800 rs *FREE SHIPPING ALL OVER INDIA😊*,800.0,280.0,280,1080,✨1 GM FORMING Lotus NECKLACE ✨ Price -1080 rs *FREE SHIPPING ALL OVER INDIA😊*,"Code-1219, MISOE, N4OON, 6544023, No.91000, 5 A €, 1 Gram"
IMG-20260313-WA0008.jpg,,,*1 Gm Forming  chain (men's)** Length- 24 Inch Price -1500rs FREE SHIPPING ALL OVER INDIA😊,1500.0,525.0,525,2025,*1 Gm Forming  chain (men's)** Length- 24 Inch Price -2025rs FREE SHIPPING ALL OVER INDIA😊,"Code-1221, SAC, MZ9OE, NZ50N, 79100045, No.53000, L24 inch"
IMG-20260313-WA0007.jpg,,,*1 Gm Forming  chain (men's)** Length- 24 Inch Price -1500rs FREE SHIPPING ALL OVER INDIA😊,1500.0,525.0,525,2025,*1 Gm Forming  chain (men's)** Length- 24 Inch Price -2025rs FREE SHIPPING ALL OVER INDIA😊,"Code-1220, SAC, M29OE, NZS0N, 34100067, No.63000, L24inch"
IMG-20260313-WA0006.jpg,,,*Micro Gold Mangalsutra Set* Length- 38Inch Price -490rs FREE SHIPPING ALL OVER INDIA😊,490.0,171.5,172,662,*Micro Gold Mangalsutra Set* Length- 38Inch Price -662rs FREE SHIPPING ALL OVER INDIA😊,"Code-1157, SAC, M9SA, N24SN, 7829056, No.5699, 6 A C, L36 inch"
VID-20260313-WA0005.mp4,,,*Micro Gold Mangalsutra Set* Length- 38 Inch Price -390 rs FREE SHIPPING ALL OVER INDIA😊,390.0,136.5,136,526,*Micro Gold Mangalsutra Set* Length- 38 Inch Price -526 rs FREE SHIPPING ALL OVER INDIA😊,"Code-1043, SAC, M74B, N19SN, 5620067, No.8499, L-38 inch"
VID-20260316-WA0042.mp4,,,*Micro Gold Mangalsutra Set* Length- 18 Inch Price -310rs FREE SHIPPING ALL OVER INDIA😊,310.0,108.5,108,418,*Micro Gold Mangalsutra Set* Length- 18 Inch Price -418rs FREE SHIPPING ALL OVER INDIA😊,"Code-455, SAC, MS8B, N1SSN, 7813056, No.8450, SAC, L-18 Inch"
IMG-20260316-WA0040.jpg,,,*New Micro Gold  Mangalsutra* Length- 36Inch Price -400rs FREE SHIPPING ALL OVER INDIA😊,400.0,140.0,140,540,*New Micro Gold  Mangalsutra* Length- 36Inch Price -540rs FREE SHIPPING ALL OVER INDIA😊,"M76B, Code-1117, NZOON, 7819523, No.8550, L-36 inch"
IMG-20260316-WA0039.jpg,,,*New Micro Gold  Mangalsutra Combo Set * Length- 36Inch Price -630 rs FREE SHIPPING ALL OVER INDIA😊,630.0,220.5,220,850,*New Micro Gold  Mangalsutra Combo Set * Length- 36Inch Price -850 rs FREE SHIPPING ALL OVER INDIA😊,"M12OB, N31SN, Code-1118, 7812056, 7319577, No.4899, L-36 inch"
IMG-20260315-WA0004.jpg,,,*New Micro Gold  Mangalsutra Combo Set* Length- 36 Inch Price -620 rs FREE SHIPPING ALL OVER INDIA😊,620.0,217.0,217,837,*New Micro Gold  Mangalsutra Combo Set* Length- 36 Inch Price -837 rs FREE SHIPPING ALL OVER INDIA😊,"Code-1119, M12OB, N31ON, 7812056, 6719523, No.7800, L-36 inch"
IMG-20260316-WA0037.jpg,,,*Premium Quality Micro Gold 1 Line Bormala* Length- 22 Inch Price -310rs FREE SHIPPING ALL OVER INDIA😊,310.0,108.5,108,418,*Premium Quality Micro Gold 1 Line Bormala* Length- 22 Inch Price -418rs FREE SHIPPING ALL OVER INDIA😊,"TS8B, Code-1137, NISSN, 8914033, SAC, No.2440, L-22 inch"
IMG-20260316-WA0036.jpg,,,*New Micro Gold  Mangalsutra* Length- 36 Inch Price -490rs FREE SHIPPING ALL OVER INDIA😊,490.0,171.5,172,662,*New Micro Gold  Mangalsutra* Length- 36 Inch Price -662rs FREE SHIPPING ALL OVER INDIA😊,"Code-1150, SAC, M94B, N24SN, 7830056, No.6700, L36 inch"
IMG-20260316-WA0035.jpg,,,*Micro Gold Mangalsutra combo Set* Length- 38 Inch Price -560rs FREE SHIPPING ALL OVER INDIA😊,560.0,196.0,196,756,*Micro Gold Mangalsutra combo Set* Length- 38 Inch Price -756rs FREE SHIPPING ALL OVER INDIA😊,"M1O8B, N28ON, 3420078, No.3900, L - 38Inch"
IMG-20260315-WA0003.jpg,,,*Micro Gold Mangalsutra Combo Set* Length- 34 Inch Price -650rs FREE SHIPPING ALL OVER INDIA😊,650.0,227.5,227,877,*Micro Gold Mangalsutra Combo Set* Length- 34 Inch Price -877rs FREE SHIPPING ALL OVER INDIA😊,"M126B, N325N, 4531067, No.3999, L - 34Inch"
IMG-20260316-WA0034.jpg,,,*Micro Gold Mangalsutra Combo Set* Length- 36 Inch Price -840rs FREE SHIPPING ALL OVER INDIA😊,840.0,294.0,294,1134,*Micro Gold Mangalsutra Combo Set* Length- 36 Inch Price -1134rs FREE SHIPPING ALL OVER INDIA😊,"M162C, N42ON, 4510067, 4512067, 4535077, No.1380, L - 36Inch"
IMG-20260313-WA0036.jpg,,,*Micro Gold Mangalsutra Set* Length- 38Inch Price -570rs FREE SHIPPING ALL OVER INDIA😊,570.0,199.5,200,770,*Micro Gold Mangalsutra Set* Length- 38Inch Price -770rs FREE SHIPPING ALL OVER INDIA😊,"MIIOB, Code-1158, N285N, SAC, 8932567, No.7800, Gwi, L38 inch"
IMG-20260316-WA0033.jpg,,,*Micro Gold Mangalsutra Set* Length- 40Inch Price -440rs FREE SHIPPING ALL OVER INDIA😊,440.0,154.0,154,594,*Micro Gold Mangalsutra Set* Length- 40Inch Price -594rs FREE SHIPPING ALL OVER INDIA😊,"Code-1159, M84B, NZOON, 7823588, No.7600, L-40 inch"
IMG-20260313-WA0037.jpg,,,*Micro Gold Mangalsutra Set* Length- 38Inch Price -420rs FREE SHIPPING ALL OVER INDIA😊,420.0,147.0,147,567,*Micro Gold Mangalsutra Set* Length- 38Inch Price -567rs FREE SHIPPING ALL OVER INDIA😊,"Code-1160, SAC, M8OB, N21ON, 7821056, No.8550, L38 inch"
IMG-20260315-WA0005.jpg,,,*Premium quality Handmade Nath  Earcuff* *Price -530rs FREE SHIPPING ALL OVER INDIA😊,530.0,185.5,186,716,*Premium quality Handmade Nath  Earcuff* *Price -716rs FREE SHIPPING ALL OVER INDIA😊,"M1O2B, Code-1109, N265N, SAC, 8935077, No.6700"
IMG-20260315-WA0006.jpg,,,*Premium Quality  Thushi* Price -310 Rs FREE SHIPPING ALL OVER INDIA😊,310.0,108.5,108,418,*Premium Quality  Thushi* Price -418 Rs FREE SHIPPING ALL OVER INDIA😊,"Code-914, MGOA, NIS5N, 8916045, No.8420"
IMG-20260315-WA0007.jpg,,,*New Micro Gold  Mangalsutra Combo Set* Length- 34 Inch Price -560rs FREE SHIPPING ALL OVER INDIA😊,560.0,196.0,196,756,*New Micro Gold  Mangalsutra Combo Set* Length- 34 Inch Price -756rs FREE SHIPPING ALL OVER INDIA😊,"Code-1111, MTOBB, NZ8ON, 7812045, 7819534, No.4800, L34"
IMG-20260315-WA0008.jpg,,,*Micro Gold Mangalsutra combo Set* Length- 36 Inch Price -620rs FREE SHIPPING ALL OVER INDIA😊,620.0,217.0,217,837,*Micro Gold Mangalsutra combo Set* Length- 36 Inch Price -837rs FREE SHIPPING ALL OVER INDIA😊,"M12OB, N31ON, 5625078, No.9750, 4 O, L-36 Inch"
VID-20260317-WA0029.mp4,,,*Micro Gold Mangalsutra Set* Length- 36Inch Price -500rs FREE SHIPPING ALL OVER INDIA😊,500.0,175.0,175,675,*Micro Gold Mangalsutra Set* Length- 36Inch Price -675rs FREE SHIPPING ALL OVER INDIA😊,"A'C, M9TA., NZS0N, 4530067, No.3700, SAC, L-Solnch, MicroGold"
VID-20260317-WA0030.mp4,,,*Micro Gold Mangalsutra Combo Set* Length- 36Inch Price -490 rs FREE SHIPPING ALL OVER INDIA😊,490.0,171.5,172,662,*Micro Gold Mangalsutra Combo Set* Length- 36Inch Price -662 rs FREE SHIPPING ALL OVER INDIA😊,"M94B, N24SN, 9030058, Nozzoo, SAC, L36Inch"
VID-20260317-WA0028.mp4,,,*Micro Gold Mangalsutra Set* Length- 34 Inch Price -380rs FREE SHIPPING ALL OVER INDIA😊,380.0,133.0,133,513,*Micro Gold Mangalsutra Set* Length- 34 Inch Price -513rs FREE SHIPPING ALL OVER INDIA😊,"SAC, M7SA:, NI9ON, 3420578, No.7540, SAC, L-34lnch, MicroGold"
IMG-20260316-WA0032.jpg,,,✨Premium Quality South Fancy Necklace✨ Price - 790rs *FREE SHIPPING ALL OVER INDIA😊*,790.0,276.5,276,1066,✨Premium Quality South Fancy Necklace✨ Price - 1066rs *FREE SHIPPING ALL OVER INDIA😊*,"M154B, N395N, Code-1195, SAC, 7658523, No.81170"
IMG-20260315-WA0011.jpg,,,✨Premium Quality South Fancy Necklace✨ Price - 810rs *FREE SHIPPING ALL OVER INDIA😊*,810.0,283.5,284,1094,✨Premium Quality South Fancy Necklace✨ Price - 1094rs *FREE SHIPPING ALL OVER INDIA😊*,"Code-1196, M1S8B, N4OSN, SAC, 5461078, No.71250"
IMG-20260315-WA0010.jpg,,,✨Premium Quality South Fancy Necklace✨ Price - 630rs *FREE SHIPPING ALL OVER INDIA😊*,630.0,220.5,220,850,✨Premium Quality South Fancy Necklace✨ Price - 850rs *FREE SHIPPING ALL OVER INDIA😊*,"M122B, Code-1198, N315N, 5643078, No.9850"
IMG-20260315-WA0009.jpg,,,*Micro Gold Short Mangalsutra* Length -18  Inch Price -200 Rs Free shipping all over India ☺️,200.0,70.0,70,270,*Micro Gold Short Mangalsutra* Length -18  Inch Price -270 Rs Free shipping all over India ☺️,"Code-1056, M38A, NIOON, 347578, No.250, L-18 Inch"
IMG-20260316-WA0031.jpg,,,*1 GM FORMING BRACELETS * Price - 730 rs FREE SHIPPING ALL OVER INDIA😊,730.0,255.5,255,985,*1 GM FORMING BRACELETS * Price - 985 rs FREE SHIPPING ALL OVER INDIA😊,"M142B, Code-1241, N36ON, SAC, 6548067, No.61500"
IMG-20260316-WA0030.jpg,,,*1 GM FORMING BRACELETS* Price - 750 rs FREE SHIPPING ALL OVER INDIA😊,750.0,262.5,262,1012,*1 GM FORMING BRACELETS* Price - 1012 rs FREE SHIPPING ALL OVER INDIA😊,"M146B, Code-1242, N375N, 6749066, No.71200"
IMG-20260316-WA0029.jpg,,,*1 GM FORMING BRACELETS* Price - 750 rs FREE SHIPPING ALL OVER INDIA😊,750.0,262.5,262,1012,*1 GM FORMING BRACELETS* Price - 1012 rs FREE SHIPPING ALL OVER INDIA😊,"Code-1243, SAC, M146B, N375N, 6749067, No.81200"
IMG-20260316-WA0028.jpg,,,*✨Premium Quality Short Necklace✨* Price - 430rs *FREE SHIPPING ALL OVER INDIA😊*,430.0,150.5,150,580,*✨Premium Quality Short Necklace✨* Price - 580rs *FREE SHIPPING ALL OVER INDIA😊*,"Code-1222, M8ZB, N21SN, 8921056, No.9650, 0 0"
IMG-20260316-WA0027.jpg,,,*✨Premium Quality Short Necklace✨* Price - 430rs *FREE SHIPPING ALL OVER INDIA😊*,430.0,150.5,150,580,*✨Premium Quality Short Necklace✨* Price - 580rs *FREE SHIPPING ALL OVER INDIA😊*,"Code-1223, M8ZB, N215N, 8921056, No.3650"
IMG-20260316-WA0026.jpg,,,*✨Premium Quality Short Necklace✨* Price - 900rs *FREE SHIPPING ALL OVER INDIA😊*,900.0,315.0,315,1215,*✨Premium Quality Short Necklace✨* Price - 1215rs *FREE SHIPPING ALL OVER INDIA😊*,"M176B, Code-1224, N4SON, 9364067, No.91250"
IMG-20260316-WA0025.jpg,,,*✨Premium Quality Short Necklace✨* Price - 720rs *FREE SHIPPING ALL OVER INDIA😊*,720.0,252.0,252,972,*✨Premium Quality Short Necklace✨* Price - 972rs *FREE SHIPPING ALL OVER INDIA😊*,"M14OB, Code-1225, N360N, 8947024, No.8950"
IMG-20260316-WA0024.jpg,,,*✨Premium Quality Short Necklace✨* Price - 720rs *FREE SHIPPING ALL OVER INDIA😊*,720.0,252.0,252,972,*✨Premium Quality Short Necklace✨* Price - 972rs *FREE SHIPPING ALL OVER INDIA😊*,"M140B, Code-1226, N36ON, 8947023, No.8950"
IMG-20260316-WA0023.jpg,,,*fancy South ring* Price -230rs FREE SHIPPING ALL OVER INDIA😊,230.0,80.5,80,310,*fancy South ring* Price -310rs FREE SHIPPING ALL OVER INDIA😊,"Code-1227, SAC, M44A, N115N, 198029, No. 4300"
IMG-20260316-WA0022.jpg,,,*PREMIUM QUALITY MOTI TOP'S* Price -230rs FREE SHIPPING ALL OVER INDIA😊,230.0,80.5,80,310,*PREMIUM QUALITY MOTI TOP'S* Price -310rs FREE SHIPPING ALL OVER INDIA😊,"Code-1228, SAC, M4AA, N115N, 198029, No. 4300, Tops"
IMG-20260316-WA0021.jpg,,,*✨Premium Quality AD Stone Short Necklace✨* Price - 880rs *FREE SHIPPING ALL OVER INDIA😊*,880.0,308.0,308,1188,*✨Premium Quality AD Stone Short Necklace✨* Price - 1188rs *FREE SHIPPING ALL OVER INDIA😊*,"Code-1229, SAC, M172B, N44ON, 8961056, No.91250"
IMG-20260316-WA0020.jpg,,,*✨Premium Quality traditional Short  Necklace✨* Price - 330rs *FREE SHIPPING ALL OVER INDIA😊*,330.0,115.5,115,445,*✨Premium Quality traditional Short  Necklace✨* Price - 445rs *FREE SHIPPING ALL OVER INDIA😊*,"M63A., Code-1230, SAC, N165N, 8913578, No.9400"
IMG-20260316-WA0019.jpg,,,*✨Premium Quality Traditional Short Necklace✨* Price - 330rs *FREE SHIPPING ALL OVER INDIA😊*,330.0,115.5,115,445,*✨Premium Quality Traditional Short Necklace✨* Price - 445rs *FREE SHIPPING ALL OVER INDIA😊*,"M63A_, N165N, Code-1231, 8913568, No.7400"
IMG-20260316-WA0018.jpg,,,*✨Premium Quality AD Stone Short Necklace✨* Price - 830rs *FREE SHIPPING ALL OVER INDIA😊*,830.0,290.5,290,1120,*✨Premium Quality AD Stone Short Necklace✨* Price - 1120rs *FREE SHIPPING ALL OVER INDIA😊*,"Code-1232, SAC, M162B, N41SN, 8956023, No.91150"
IMG-20260316-WA0017.jpg,,,*✨Premium Quality AD Stone Short Necklace✨* Price - 500rs *FREE SHIPPING ALL OVER INDIA😊*,500.0,175.0,175,675,*✨Premium Quality AD Stone Short Necklace✨* Price - 675rs *FREE SHIPPING ALL OVER INDIA😊*,"Code-1233, M96B, NZS0N, 8927034, No.9600"
VID-20260319-WA0008.mp4,,,*Micro Gold Mangalsutra Set* Length- 38 Inch Price -410rs FREE SHIPPING ALL OVER INDIA😊,410.0,143.5,144,554,*Micro Gold Mangalsutra Set* Length- 38 Inch Price -554rs FREE SHIPPING ALL OVER INDIA😊,"Code-460, SAC, M78B, NZOSN, 7820045, No.9650, SAC, L-38 Inch"
VID-20260319-WA0009.mp4,,,*Micro Gold Mangalsutra Set* Length- 38 Inch Price -490rs FREE SHIPPING ALL OVER INDIA😊,490.0,171.5,172,662,*Micro Gold Mangalsutra Set* Length- 38 Inch Price -662rs FREE SHIPPING ALL OVER INDIA😊,"Code-456, SAC, M9AB, N24SN, 7830056, No.8750, SAC, L-38 Inch"
IMG-20260317-WA0037.jpg,,,*Micro Gold Mangalsutra Combo Set* Length- 36 Inch Price -630rs FREE SHIPPING ALL OVER INDIA😊,630.0,220.5,220,850,*Micro Gold Mangalsutra Combo Set* Length- 36 Inch Price -850rs FREE SHIPPING ALL OVER INDIA😊,"SAC, M120C, N315N, 658034, 4528067, No.4980, L - 36Inch"
IMG-20260317-WA0038.jpg,,,*Micro Gold Mangalsutra Combo Set* Length- 36 Inch Price -730 rs FREE SHIPPING ALL OVER INDIA😊,730.0,255.5,255,985,*Micro Gold Mangalsutra Combo Set* Length- 36 Inch Price -985 rs FREE SHIPPING ALL OVER INDIA😊,"SAC, M140C, N365N, 5612075, 4535078, N0.41180, L - 36Inch"
IMG-20260316-WA0034.jpg,,,*Micro Gold Mangalsutra Combo Set* Length- 36 Inch Price -840rs FREE SHIPPING ALL OVER INDIA😊,840.0,294.0,294,1134,*Micro Gold Mangalsutra Combo Set* Length- 36 Inch Price -1134rs FREE SHIPPING ALL OVER INDIA😊,"M162C, N42ON, 4510067, 4512067, 4535077, No.1380, L - 36Inch"
IMG-20260317-WA0039.jpg,,,*Micro Gold Mangalsutra combo Set* Length- 36 Inch Price -650rs FREE SHIPPING ALL OVER INDIA😊,650.0,227.5,227,877,*Micro Gold Mangalsutra combo Set* Length- 36 Inch Price -877rs FREE SHIPPING ALL OVER INDIA😊,"Code-852, M126B, N325N, 7816078, 7823567, No.7850, L-36 Inch"
IMG-20260313-WA0018.jpg,,,*New Micro Gold  Mangalsutra* Length- 38 Inch Price -360rs FREE SHIPPING ALL OVER INDIA😊,360.0,126.0,126,486,*New Micro Gold  Mangalsutra* Length- 38 Inch Price -486rs FREE SHIPPING ALL OVER INDIA😊,"Code-1131, SAC, T69A., N1SON, 8618063, No.8550, L-38 inch"
IMG-20260317-WA0040.jpg,,,*PREMIUM QUALITY RAANI HAR COMBO SET* Length- 26 Inch Price -440rs FREE SHIPPING ALL OVER INDIA😊,440.0,154.0,154,594,*PREMIUM QUALITY RAANI HAR COMBO SET* Length- 26 Inch Price -594rs FREE SHIPPING ALL OVER INDIA😊,"M84B, N22ON, 4512068, 5612067, No.3580, 823, L-26 Inch"
IMG-20260317-WA0041.jpg,,,*Micro Gold Bormala Thushi Combo Set* Length- 26 Inch Price -400rs FREE SHIPPING ALL OVER INDIA😊,400.0,140.0,140,540,*Micro Gold Bormala Thushi Combo Set* Length- 26 Inch Price -540rs FREE SHIPPING ALL OVER INDIA😊,"Code-1071, MZ6B, NZOON, 337598, 5612067, No.8550"
VID-20260317-WA0029.mp4,,,*Micro Gold Mangalsutra Set* Length- 36Inch Price -500rs FREE SHIPPING ALL OVER INDIA😊,500.0,175.0,175,675,*Micro Gold Mangalsutra Set* Length- 36Inch Price -675rs FREE SHIPPING ALL OVER INDIA😊,"A'C, M9TA., NZS0N, 4530067, No.3700, SAC, L-Solnch, MicroGold"
VID-20260317-WA0030.mp4,,,*Micro Gold Mangalsutra Combo Set* Length- 36Inch Price -490 rs FREE SHIPPING ALL OVER INDIA😊,490.0,171.5,172,662,*Micro Gold Mangalsutra Combo Set* Length- 36Inch Price -662 rs FREE SHIPPING ALL OVER INDIA😊,"M94B, N24SN, 9030058, Nozzoo, SAC, L36Inch"
VID-20260317-WA0028.mp4,,,*Micro Gold Mangalsutra Set* Length- 34 Inch Price -380rs FREE SHIPPING ALL OVER INDIA😊,380.0,133.0,133,513,*Micro Gold Mangalsutra Set* Length- 34 Inch Price -513rs FREE SHIPPING ALL OVER INDIA😊,"SAC, M7SA:, NI9ON, 3420578, No.7540, SAC, L-34lnch, MicroGold"
IMG-20260319-WA0010.jpg,,,*Premium Quality Jondhale Thushi* Price -300 Rs FREE SHIPPING ALL OVER INDIA😊,300.0,105.0,105,405,*Premium Quality Jondhale Thushi* Price -405 Rs FREE SHIPPING ALL OVER INDIA😊,"5614087, No-5350, SAC, TS6B, N1SON), &lza} 321"
IMG-20260319-WA0011.jpg,,,*Micro Gold Mangalsutra combo Set* Length- 38 Inch Price-690rs FREE SHIPPING ALL OVER INDIA😊,690.0,241.5,241,931,*Micro Gold Mangalsutra combo Set* Length- 38 Inch Price-931rs FREE SHIPPING ALL OVER INDIA😊,"Code-1038, SAC, M132C, N345N, 7618045, 6716089, No.91000, L-38 inch"
IMG-20260319-WA0012.jpg,,,*Micro Gold Mangalsutra combo Set* Length- 38 Inch Price-700 rs FREE SHIPPING ALL OVER INDIA😊,700.0,245.0,245,945,*Micro Gold Mangalsutra combo Set* Length- 38 Inch Price-945 rs FREE SHIPPING ALL OVER INDIA😊,"Code-1037, SAC, M134C, N350N, 675078, 6711057, 6729056, No.81000, L38 inch"
IMG-20260319-WA0013.jpg,,,*Micro Gold Mangalsutra combo Set* Length- 38 Inch Price-620rs FREE SHIPPING ALL OVER INDIA😊,620.0,217.0,217,837,*Micro Gold Mangalsutra combo Set* Length- 38 Inch Price-837rs FREE SHIPPING ALL OVER INDIA😊,"Code-1036, SAC, M12OB, N31ON, 568039, 335586, 5623589, No.7900, L38 inch"
IMG-20260318-WA0003.jpg,,,*1 GM Forming Short  Mangalsutra* Length -20   Inch Price - 550 RS Free shipping all over India ☺️,550.0,192.5,192,742,*1 GM Forming Short  Mangalsutra* Length -20   Inch Price - 742 RS Free shipping all over India ☺️,"Code-1204, L20, M1O6B, N2Z5N, 7830045, No.6900"
IMG-20260319-WA0043.jpg,,,*1 GM Forming Short  Mangalsutra* Length -20   Inch Price - 550 RS Free shipping all over India ☺️,550.0,192.5,192,742,*1 GM Forming Short  Mangalsutra* Length -20   Inch Price - 742 RS Free shipping all over India ☺️,"Code-1203, L20, M1O6B, N2Z5N, 7830056, No.6900"
IMG-20260319-WA0042.jpg,,,*1 GM Forming Short  Mangalsutra* Length -20   Inch Price - 550 RS Free shipping all over India ☺️,550.0,192.5,192,742,*1 GM Forming Short  Mangalsutra* Length -20   Inch Price - 742 RS Free shipping all over India ☺️,"M1O6B, Code-1302, N2Z5N, 8930055, No.6900, L2O"
IMG-20260319-WA0041.jpg,,,*1 GM Forming Short  Mangalsutra* Length -20   Inch Price - 550 RS Free shipping all over India ☺️,550.0,192.5,192,742,*1 GM Forming Short  Mangalsutra* Length -20   Inch Price - 742 RS Free shipping all over India ☺️,"M1O6B, Code-1301, N2Z5N, 8930056, No.6900, L20"
IMG-20260319-WA0040.jpg,,,*1 GM Forming Short  Mangalsutra* Length -20   Inch Price - 550 RS Free shipping all over India ☺️,550.0,192.5,192,742,*1 GM Forming Short  Mangalsutra* Length -20   Inch Price - 742 RS Free shipping all over India ☺️,"Code-1300, M1O6B, N2Z5N, 8930056, No.7900, L20, Gram"
IMG-20260319-WA0039.jpg,,,*1 GM Forming Short  Mangalsutra* Length -20   Inch Price - 550 RS Free shipping all over India ☺️,550.0,192.5,192,742,*1 GM Forming Short  Mangalsutra* Length -20   Inch Price - 742 RS Free shipping all over India ☺️,"M1O6B, Code-1299, N2Z5N, SAC, 8930055, No.7900, L2O"
IMG-20260319-WA0038.jpg,,,*1 GM Forming Short  Mangalsutra* Length -20   Inch Price - 550 RS Free shipping all over India ☺️,550.0,192.5,192,742,*1 GM Forming Short  Mangalsutra* Length -20   Inch Price - 742 RS Free shipping all over India ☺️,"Code-1297, M1O6B, N2Z5N, 8930056, No.7900, L2o"
IMG-20260319-WA0037.jpg,,,*1 GM Forming Short  Mangalsutra* Length -20   Inch Price - 550 RS Free shipping all over India ☺️,550.0,192.5,192,742,*1 GM Forming Short  Mangalsutra* Length -20   Inch Price - 742 RS Free shipping all over India ☺️,"Code-1296, L20, M1O6B, N275N, 9030055, No.8900"
IMG-20260319-WA0036.jpg,,,*1 GM Forming Short  Mangalsutra* Length -20   Inch Price - 550 RS Free shipping all over India ☺️,550.0,192.5,192,742,*1 GM Forming Short  Mangalsutra* Length -20   Inch Price - 742 RS Free shipping all over India ☺️,"M1O6B, Code-1293, N275N, SAC, 7830056, No.7900, L2O"
IMG-20260319-WA0035.jpg,,,*1 GM Forming Short  Mangalsutra* Length -20   Inch Price - 550 RS Free shipping all over India ☺️,550.0,192.5,192,742,*1 GM Forming Short  Mangalsutra* Length -20   Inch Price - 742 RS Free shipping all over India ☺️,"M1O6B, Code-1292, N275N, SAC, 8930057, No.7900, E4e, L20"
IMG-20260319-WA0034.jpg,,,*1 GM Forming Short  Mangalsutra* Length -20   Inch Price - 550 RS Free shipping all over India ☺️,550.0,192.5,192,742,*1 GM Forming Short  Mangalsutra* Length -20   Inch Price - 742 RS Free shipping all over India ☺️,"Code-1291, M1O6B, N2Z5N, 8930056, No.7900, L2O"
IMG-20260319-WA0033.jpg,,,*1 Gm Forming  chain (men's)** Length- 24 Inch Price -1750rs FREE SHIPPING ALL OVER INDIA😊,1750.0,612.5,612,2362,*1 Gm Forming  chain (men's)** Length- 24 Inch Price -2362rs FREE SHIPPING ALL OVER INDIA😊,"Code-1290, M340E, N875N, 89120056, No.93600, Sa€, L-24 Inch"
IMG-20260319-WA0032.jpg,,,*1 Gm Forming  chain (men's)** Length- 24 Inch Price -1600rs FREE SHIPPING ALL OVER INDIA😊,1600.0,560.0,560,2160,*1 Gm Forming  chain (men's)** Length- 24 Inch Price -2160rs FREE SHIPPING ALL OVER INDIA😊,"M310E, Code- 1289, N8OON, 86102056, No.83200, L-24 Inch"
IMG-20260319-WA0031.jpg,,,*1 GM Forming Short  Mangalsutra* Length -20   Inch Price - 550 RS Free shipping all over India ☺️,550.0,192.5,192,742,*1 GM Forming Short  Mangalsutra* Length -20   Inch Price - 742 RS Free shipping all over India ☺️,"M1O6B, Code -1288, N2Z5N, SAC, 6830056, No.7900, L20"
IMG-20260319-WA0030.jpg,,,*1 GM Forming Short  Mangalsutra* Length -20   Inch Price - 550 RS Free shipping all over India ☺️,550.0,192.5,192,742,*1 GM Forming Short  Mangalsutra* Length -20   Inch Price - 742 RS Free shipping all over India ☺️,"M1O6B, Code-1285, N275N, SAC, 8030056, No.7900, 1 Gram, L2O"
IMG-20260319-WA0028.jpg,,,*✨1 GM FORMING SHORT Necklace ✨* Price - 1450rs *FREE SHIPPING ALL OVER INDIA😊*,1450.0,507.5,507,1957,*✨1 GM FORMING SHORT Necklace ✨* Price - 1957rs *FREE SHIPPING ALL OVER INDIA😊*,"Code-1234, SAC, M28OE, N72SN, 5784078, No.91650, 049"
IMG-20260319-WA0027.jpg,,,*✨Premium Quality  Rajwadi Mangalsutra ✨* Length - 40 Inch Price - 3800rs *FREE SHIPPING ALL OVER INDIA😊*,3800.0,1330.0,1330,5130,*✨Premium Quality  Rajwadi Mangalsutra ✨* Length - 40 Inch Price - 5130rs *FREE SHIPPING ALL OVER INDIA😊*,"Code-1235, SAC, M740J, N19OON, 34280056, No.85600, L40 inch"
IMG-20260319-WA0026.jpg,,,*✨Premium Quality AD Stone saree Pin✨* Price - 280rs *FREE SHIPPING ALL OVER INDIA😊*,280.0,98.0,98,378,*✨Premium Quality AD Stone saree Pin✨* Price - 378rs *FREE SHIPPING ALL OVER INDIA😊*,"MSAA, Code-1236, N14ON, 7811045, No.9350"
IMG-20260319-WA0025.jpg,,,*✨Premium Quality AD Stone saree Pin✨* Price - 280rs *FREE SHIPPING ALL OVER INDIA😊*,280.0,98.0,98,378,*✨Premium Quality AD Stone saree Pin✨* Price - 378rs *FREE SHIPPING ALL OVER INDIA😊*,"Code-1237, SAC, MSAA, N14ON, 8911045, No.8350, 8 A"
IMG-20260319-WA0024.jpg,,,*✨Premium Quality  BRIDAL SET✨* Length -24 Inch (Adjustable Gonda) Price - 1200rs *FREE SHIPPING ALL OVER INDIA😊*,1200.0,420.0,420,1620,*✨Premium Quality  BRIDAL SET✨* Length -24 Inch (Adjustable Gonda) Price - 1620rs *FREE SHIPPING ALL OVER INDIA😊*,"Code-1238, SAC, M234C, NGOON, 4935067, 8955023, No.81600, 8 A, 36388, L-24 Inch"
IMG-20260319-WA0023.jpg,,,*✨Premium Quality  BRIDAL SET ✨* Length -24 Inch (Adjustable Gonda) Price - 1200rs *FREE SHIPPING ALL OVER INDIA😊*,1200.0,420.0,420,1620,*✨Premium Quality  BRIDAL SET ✨* Length -24 Inch (Adjustable Gonda) Price - 1620rs *FREE SHIPPING ALL OVER INDIA😊*,"Code-1240, SAC, M234C, N6OON, 8935067, No.81600, 5 A, L-24 Inch"
IMG-20260319-WA0022.jpg,,,*✨Premium Quality Heritage Short Necklace ✨* Price - 700rs *FREE SHIPPING ALL OVER INDIA😊*,700.0,245.0,245,945,*✨Premium Quality Heritage Short Necklace ✨* Price - 945rs *FREE SHIPPING ALL OVER INDIA😊*,"Code-1239, SAC, M136B, N3SON, 7844057, No.7900"
IMG-20260319-WA0021.jpg,,,*✨Premium Quality Heritage Short Necklace ✨* Price - 770rs *FREE SHIPPING ALL OVER INDIA😊*,770.0,269.5,270,1040,*✨Premium Quality Heritage Short Necklace ✨* Price - 1040rs *FREE SHIPPING ALL OVER INDIA😊*,"Code-1241, SAC, MISOB, N385N, 8945067, No.8950"
IMG-20260319-WA0020.jpg,,,*✨Premium Quality Heritage Short Necklace ✨* Price - 650rs *FREE SHIPPING ALL OVER INDIA😊*,650.0,227.5,227,877,*✨Premium Quality Heritage Short Necklace ✨* Price - 877rs *FREE SHIPPING ALL OVER INDIA😊*,"Code-1242, M126B, N325N, 8936034, No.9750"
IMG-20260319-WA0019.jpg,,,*✨Premium Quality Heritage Short Necklace ✨* Price - 1550rs *FREE SHIPPING ALL OVER INDIA😊*,1550.0,542.5,542,2092,*✨Premium Quality Heritage Short Necklace ✨* Price - 2092rs *FREE SHIPPING ALL OVER INDIA😊*,"Code-1243, SAC, M3O4C, N775N, 89116034, No.92350"
IMG-20260319-WA0018.jpg,,,*✨Premium Quality Heritage Short Necklace ✨* Price - 1230rs *FREE SHIPPING ALL OVER INDIA😊*,1230.0,430.5,430,1660,*✨Premium Quality Heritage Short Necklace ✨* Price - 1660rs *FREE SHIPPING ALL OVER INDIA😊*,"Code-1244, SAC, M24OC, N615N, 7684066, No.81700"
IMG-20260319-WA0017.jpg,,,*✨Premium Quality Heritage Short Necklace ✨* Price - 950rs *FREE SHIPPING ALL OVER INDIA😊*,950.0,332.5,332,1282,*✨Premium Quality Heritage Short Necklace ✨* Price - 1282rs *FREE SHIPPING ALL OVER INDIA😊*,"Code-1245, SAC, M184C, N475N, 9862045, No.91250"
IMG-20260319-WA0016.jpg,,,*✨ Finger Ring Adjustable ✨* Price - 280rs *FREE SHIPPING ALL OVER INDIA😊*,280.0,98.0,98,378,*✨ Finger Ring Adjustable ✨* Price - 378rs *FREE SHIPPING ALL OVER INDIA😊*,"T52B, Code-1246, N14ON, 575087, No-2280, Adjustable"
IMG-20260319-WA0015.jpg,,,*✨ Finger Ring Adjustable ✨* Price - 250rs *FREE SHIPPING ALL OVER INDIA😊*,250.0,87.5,88,338,*✨ Finger Ring Adjustable ✨* Price - 338rs *FREE SHIPPING ALL OVER INDIA😊*,"T44C, Code-1247, N125N, SAC, 567087, No-299, Adjustable"
IMG-20260319-WA0014.jpg,,,*✨ Matte South Mangalsutra ✨* Length -24 Inch Price - 320rs *FREE SHIPPING ALL OVER INDIA😊*,320.0,112.0,112,432,*✨ Matte South Mangalsutra ✨* Length -24 Inch Price - 432rs *FREE SHIPPING ALL OVER INDIA😊*,"TS8C}, NI6ON, Code-1248, 5612087, No-6340, {0a, L-24 inch, SAG, SAC, SAC, SAC, SAC, SAC, SAG, SAC, SAC"
IMG-20260320-WA0001.jpg,,,*1 GM FORMING FANCY BORMAL* Length- 24 Inch Price -450 rs FREE SHIPPING ALL OVER INDIA😊,450.0,157.5,158,608,*1 GM FORMING FANCY BORMAL* Length- 24 Inch Price -608 rs FREE SHIPPING ALL OVER INDIA😊,"Code-1101, T84C, N225N, 8425092, No.3599, L-24 inch, Bormal"
IMG-20260320-WA0002.jpg,,,*1 GM FORMING FANCY BORMAL* Length- 24 Inch Price -450 rs FREE SHIPPING ALL OVER INDIA😊,450.0,157.5,158,608,*1 GM FORMING FANCY BORMAL* Length- 24 Inch Price -608 rs FREE SHIPPING ALL OVER INDIA😊,"Code -1102, M84B, N225N, 9625085, No.8599, L-24 inch, 1GM, Mal"
IMG-20260320-WA0003.jpg,,,*1 GM FORMING FANCY BORMAL* Length- 24 Inch Price -450 rs FREE SHIPPING ALL OVER INDIA😊,450.0,157.5,158,608,*1 GM FORMING FANCY BORMAL* Length- 24 Inch Price -608 rs FREE SHIPPING ALL OVER INDIA😊,"Code-1103, M84B, N225N, 9625085, No.8599, L-24inch, 1GM, Bormal"
VID-20260320-WA0004.mp4,,,*1 GM FORMING 2 Line Poha Har* Length- 28 Inch Price - 580 rs FREE SHIPPING ALL OVER INDIA😊,580.0,203.0,203,783,*1 GM FORMING 2 Line Poha Har* Length- 28 Inch Price - 783 rs FREE SHIPPING ALL OVER INDIA😊,"Code-759, MIIOC, N29ON, 8621056, No.71200, SAC, L28 inches"
VID-20260320-WA0005.mp4,,,*New Micro Gold  Mangalsutra* Length- 36 Inch Price -690rs FREE SHIPPING ALL OVER INDIA😊,690.0,241.5,241,931,*New Micro Gold  Mangalsutra* Length- 36 Inch Price -931rs FREE SHIPPING ALL OVER INDIA😊,"Code-1206, M134B, N34SN, 5638067, No.9850, L-38 inch"
VID-20260315-WA0014.mp4,,,*New Micro Gold  Mangalsutra* Length- 36 Inch Price -690rs FREE SHIPPING ALL OVER INDIA😊,690.0,241.5,241,931,*New Micro Gold  Mangalsutra* Length- 36 Inch Price -931rs FREE SHIPPING ALL OVER INDIA😊,"Code-1207, SAC, M134B, NJASN, 9738056, No.9850, L-36 Inch"
IMG-20260311-WA0001.jpg,,,*HANDMADE PARIJAATAK COMBO SET* LENGTH - 28 Inch Price -  1000 rs FREE SHIPPING ALL OVER INDIA😊,1000.0,350.0,350,1350,*HANDMADE PARIJAATAK COMBO SET* LENGTH - 28 Inch Price -  1350 rs FREE SHIPPING ALL OVER INDIA😊,"Code-1205, SAC, M194C, NSOON, 4265077, L-28 Inch, No.91200"
IMG-20260311-WA0000.jpg,,,*HANDMADE PARIJAATAK COMBO SET* LENGTH - 28 Inch Price -  1000 rs FREE SHIPPING ALL OVER INDIA😊,1000.0,350.0,350,1350,*HANDMADE PARIJAATAK COMBO SET* LENGTH - 28 Inch Price -  1350 rs FREE SHIPPING ALL OVER INDIA😊,"Code-1204, SA"", L-28 Inch, M194C, NSOON, 8965024, No.81200, Eae)"
IMG-20260313-WA0023.jpg,,,*1 GM FORMING MANGALSUTRA* Length- 38 Inch Price - 1700 rs FREE SHIPPING ALL OVER INDIA😊,1700.0,595.0,595,2295,*1 GM FORMING MANGALSUTRA* Length- 38 Inch Price - 2295 rs FREE SHIPPING ALL OVER INDIA😊,"Code-1274, SAC, M334C, N8SON, 34120056, No. 93200, L38 inch"
IMG-20260313-WA0024.jpg,,,*1 GM FORMING MANGALSUTRA* Length- 38 Inch Price - 1700 rs FREE SHIPPING ALL OVER INDIA😊,1700.0,595.0,595,2295,*1 GM FORMING MANGALSUTRA* Length- 38 Inch Price - 2295 rs FREE SHIPPING ALL OVER INDIA😊,"Code-1274, SAC, M334C, N8SON, 34120056, No 93200, 5 A C, L38 inch"
IMG-20260313-WA0025.jpg,,,*1 GM FORMING MANGALSUTRA* Length- 38 Inch Price - 1700 rs FREE SHIPPING ALL OVER INDIA😊,1700.0,595.0,595,2295,*1 GM FORMING MANGALSUTRA* Length- 38 Inch Price - 2295 rs FREE SHIPPING ALL OVER INDIA😊,"Code-1272, SAC, M334C, N8SON, 34120056, NO 93200, 6 A, L38 inch"
IMG-20260313-WA0027.jpg,,,*1 GM FORMING MANGALSUTRA* Length- 38 Inch Price - 1700 rs FREE SHIPPING ALL OVER INDIA😊,1700.0,595.0,595,2295,*1 GM FORMING MANGALSUTRA* Length- 38 Inch Price - 2295 rs FREE SHIPPING ALL OVER INDIA😊,"Code-1270, SAC, M334C, N8SON, 34120056, NO. 93200, 5 A, L38 inch"
IMG-20260313-WA0028.jpg,,,*1 GM FORMING MANGALSUTRA* Length- 38 Inch Price - 1900 rs FREE SHIPPING ALL OVER INDIA😊,1900.0,665.0,665,2565,*1 GM FORMING MANGALSUTRA* Length- 38 Inch Price - 2565 rs FREE SHIPPING ALL OVER INDIA😊,"Code-1268, SAC, M374C, NOSON, 34140056, NO. 93500, 8 A C, L38 Inch"
IMG-20260313-WA0030.jpg,,,*1 GM FORMING MANGALSUTRA* Length- 38 Inch Price - 1900 rs FREE SHIPPING ALL OVER INDIA😊,1900.0,665.0,665,2565,*1 GM FORMING MANGALSUTRA* Length- 38 Inch Price - 2565 rs FREE SHIPPING ALL OVER INDIA😊,"Code-1267, SAC, M374C, N9SON, 34140056, NO 93500, L38 inch"
IMG-20260313-WA0031.jpg,,,*1 GM FORMING MANGALSUTRA* Length- 38 Inch Price - 1700 rs FREE SHIPPING ALL OVER INDIA😊,1700.0,595.0,595,2295,*1 GM FORMING MANGALSUTRA* Length- 38 Inch Price - 2295 rs FREE SHIPPING ALL OVER INDIA😊,"Code-1256, M334C, N8SON, 34120056, NO. 93200, L38 inch"
IMG-20260313-WA0029.jpg,,,*1 GM FORMING RAANI HAAR* Length- 28 Inch Price - 850 rs FREE SHIPPING ALL OVER INDIA😊,850.0,297.5,298,1148,*1 GM FORMING RAANI HAAR* Length- 28 Inch Price - 1148 rs FREE SHIPPING ALL OVER INDIA😊,"SAC, M166B, N42SN, 3250010, No.91500, 5 A, L 28 inch"
IMG-20260316-WA0041.jpg,,,,0.0,0.0,0,0,,"M76B, Code-1117, NZOON, SAC, 7819523, No.8550, L-36 inch"
IMG-20260316-WA0038.jpg,,,,0.0,0.0,0,0,,"TS8B, Code-1137, N1SSN, 8914033, N0.2440, 6844d, 1#a, L-22 inch"
VID-20260319-WA0029.mp4,,,"✨ गुढीपाडव्याच्या हार्दिक शुभेच्छा ✨ नवीन वर्ष, नवीन स्वप्नं, नवीन यशाची सुरुवात! 💫 सोनेरी नात्यांसारखंच तुमचं आयुष्य उजळत राहो 💛 📍Sururarts Creation 📍 Nerul | Panvel | Ghatkopar",0.0,0.0,0,0,"✨ गुढीपाडव्याच्या हार्दिक शुभेच्छा ✨ नवीन वर्ष, नवीन स्वप्नं, नवीन यशाची सुरुवात! 💫 सोनेरी नात्यांसारखंच तुमचं आयुष्य उजळत राहो 💛 📍Sururarts Creation 📍 Nerul | Panvel | Ghatkopar","syrutigts, GUDI, 8108140424"
